{
  "pr_auc": 0.9995603383519291,
  "roc_auc": 0.9999932588832486,
  "threshold": 0.6298160552978516
}